{
  "Maharashtra": ["Mumbai", "Pune", "Nagpur", "Nashik", "Thane", "Aurangabad", "Solapur", "Kolhapur", "Amravati", "Jalgaon"],
  "Karnataka": ["Bengaluru", "Mysuru", "Hubli Dharwad", "Belagavi", "Mangalore", "Ballari"],
  "Tamil Nadu": ["Chennai", "Coimbatore", "Tiruchirappalli", "Salem", "Tiruppur", "Thoothukudi"],
  "Telangana": ["Hyderabad", "Warangal", "Karimnagar"],
  "Gujarat": ["Ahmedabad", "Surat", "Vadodara", "Rajkot", "Bhavnagar", "Anand"],
  "Uttar Pradesh": ["Lucknow", "Kanpur", "Agra", "Varanasi", "Ghaziabad", "Meerut"],
  "West Bengal": ["Kolkata", "Howrah", "Siliguri"],
  "Rajasthan": ["Jaipur", "Jodhpur", "Udaipur", "Bikaner"],
  "Andhra Pradesh": ["Visakhapatnam", "Vijayawada", "Guntur", "Nellore", "Kakinada"],
  "Madhya Pradesh": ["Indore", "Bhopal", "Jabalpur", "Gwalior", "Ujjain"],
  "Punjab": ["Ludhiana", "Jalandhar", "Amritsar"],
  "Kerala": ["Kochi", "Thiruvananthapuram", "Kozhikode", "Kollam"],
  "Haryana": ["Faridabad", "Gurugram", "Panipat"],
  "Bihar": ["Patna", "Gaya", "Bhagalpur"],
  "Odisha": ["Bhubaneswar", "Cuttack", "Rourkela"],
  "Assam": ["Guwahati", "Silchar"],
  "Jharkhand": ["Ranchi", "Jamshedpur", "Dhanbad"],
  "Chhattisgarh": ["Raipur", "Bhilai"],
  "Uttarakhand": ["Dehradun", "Haridwar"],
  "Goa": ["Panaji"],
  "Jammu & Kashmir": ["Srinagar", "Jammu"],
  "North-East-Others": ["Agartala", "Itanagar", "Imphal"]
}
